program,threads,seconds
pi,1,1.035660971
pi,2,.683388488
pi,3,.598738746
pi,4,.446884455
pi,5,.351661766
pi,6,.319880485
pi,7,.316195079
pi,8,.298115529
pi,9,.273893565
pi,10,.264526120
pi,11,.251658285
pi,12,.241349459
pi,13,.242295051
pi,14,.222214712
counter,1,.218017395
counter,2,.579231639
counter,3,.948027093
counter,4,1.161270616
counter,5,1.343635401
counter,6,1.595133652
counter,7,1.545763273
counter,8,1.618716645
counter,9,1.875376547
counter,10,2.123385840
counter,11,2.022986954
counter,12,2.226123590
counter,13,2.718532433
counter,14,3.488570911
