time_s,latency_ms
0.007263,7.2632
0.014458,7.1628
0.021625,7.1524
0.028774,7.1420
0.035919,7.1427
0.043063,7.1421
0.050194,7.1289
0.057323,7.1276
0.064449,7.1249
0.071575,7.1246
0.078699,7.1226
0.085827,7.1262
0.092985,7.1563
0.100110,7.1243
0.107236,7.1244
0.114365,7.1267
0.121507,7.1416
0.128649,7.1395
0.135794,7.1437
0.142923,7.1265
0.150055,7.1311
0.157214,7.1570
0.164346,7.1308
0.171484,7.1363
0.178669,7.1831
0.185973,7.3022
0.193285,7.3099
0.200515,7.2286
0.207653,7.1364
0.214793,7.1387
0.221942,7.1471
0.229071,7.1269
0.236201,7.1280
0.243332,7.1293
0.250464,7.1312
0.257595,7.1287
0.264724,7.1278
0.271852,7.1265
0.278979,7.1253
0.286144,7.1635
0.293272,7.1253
0.300398,7.1248
0.307527,7.1276
0.314658,7.1295
0.321880,7.2212
0.329048,7.1636
0.336199,7.1489
0.343452,7.2514
0.350646,7.1914
0.357773,7.1255
0.364968,7.1934
0.372143,7.1735
0.379441,7.2970
0.386576,7.1319
0.393744,7.1670
0.400873,7.1271
0.408000,7.1259
0.415185,7.1833
0.422352,7.1643
0.429490,7.1365
0.436647,7.1556
0.443774,7.1257
0.450903,7.1277
0.458079,7.1740
0.465206,7.1256
0.472332,7.1251
0.479597,7.2632
0.486724,7.1249
0.493850,7.1248
0.500991,7.1392
0.508117,7.1254
0.515247,7.1282
0.522415,7.1666
0.529548,7.1315
0.536694,7.1443
0.543832,7.1366
0.550958,7.1245
0.558104,7.1441
0.565244,7.1385
0.572370,7.1248
0.579497,7.1261
0.586785,7.2866
0.593925,7.1368
0.601069,7.1421
0.608229,7.1575
0.615370,7.1393
0.622498,7.1262
0.629629,7.1286
0.636757,7.1266
0.643890,7.1314
0.651017,7.1256
0.658145,7.1259
0.665272,7.1261
0.672399,7.1257
0.679530,7.1293
0.686657,7.1253
0.693867,7.2087
0.701025,7.1539
0.708168,7.1412
0.715296,7.1259
0.722442,7.1447
0.729670,7.2267
0.736815,7.1425
0.743953,7.1365
0.751094,7.1397
0.758222,7.1264
0.765351,7.1271
0.772481,7.1286
0.779608,7.1256
0.786734,7.1248
0.793870,7.1348
0.800998,7.1259
0.808165,7.1655
0.815302,7.1359
0.822454,7.1499
0.829592,7.1370
0.836729,7.1350
0.843866,7.1351
0.850991,7.1239
0.858161,7.1686
0.865296,7.1337
0.872424,7.1255
0.879570,7.1455
0.886720,7.1482
0.893847,7.1248
0.900990,7.1426
0.908121,7.1287
0.915248,7.1257
0.922405,7.1560
0.929541,7.1341
0.936678,7.1347
0.943829,7.1492
0.950961,7.1309
0.958087,7.1246
0.965337,7.2489
0.972494,7.1538
0.979644,7.1487
0.986832,7.1840
0.993969,7.1346
1.001095,7.1255
1.008226,7.1294
1.015356,7.1286
1.022483,7.1249
1.029627,7.1428
1.036760,7.1300
1.043886,7.1246
1.051013,7.1253
1.058144,7.1295
1.065272,7.1261
1.072399,7.1266
1.079528,7.1268
1.086655,7.1257
1.093784,7.1281
1.100975,7.1891
1.108100,7.1240
1.115242,7.1407
1.122372,7.1278
1.129509,7.1363
1.136651,7.1394
1.143778,7.1250
1.150905,7.1256
1.158061,7.1545
1.165188,7.1253
1.172315,7.1252
1.179441,7.1247
1.186733,7.2909
1.193879,7.1413
1.201019,7.1372
1.208179,7.1571
1.215309,7.1274
1.222439,7.1280
1.229568,7.1274
1.236695,7.1259
1.243847,7.1499
1.250974,7.1248
1.258101,7.1256
1.265227,7.1246
1.272354,7.1255
1.279484,7.1278
1.286612,7.1273
1.293740,7.1259
1.300999,7.2580
1.308233,7.2305
1.315364,7.1272
1.322502,7.1364
1.329632,7.1265
1.336765,7.1307
1.343892,7.1253
1.351022,7.1295
1.358150,7.1259
1.365350,7.1989
1.372498,7.1450
1.379627,7.1265
1.386754,7.1262
1.393883,7.1271
1.401026,7.1417
1.408172,7.1425
1.415305,7.1309
1.422434,7.1263
1.429590,7.1541
1.436745,7.1536
1.443877,7.1300
1.451004,7.1259
1.458189,7.1834
1.465316,7.1256
1.472444,7.1262
1.479575,7.1300
1.486702,7.1256
1.493830,7.1259
1.501065,7.2345
1.508198,7.1310
1.515325,7.1249
1.522450,7.1241
1.529589,7.1379
1.536739,7.1476
1.543869,7.1283
1.550996,7.1256
1.558123,7.1254
1.565280,7.1557
1.572408,7.1257
1.579537,7.1282
1.586663,7.1253
1.593873,7.2078
1.601023,7.1485
1.608177,7.1525
1.615306,7.1261
1.622504,7.1967
1.629678,7.1712
1.636828,7.1484
1.643965,7.1348
1.651091,7.1250
1.658218,7.1256
1.665345,7.1247
1.672472,7.1265
1.679600,7.1261
1.686726,7.1245
1.693858,7.1304
1.700985,7.1255
1.708112,7.1258
1.715238,7.1245
1.722365,7.1255
1.729587,7.2209
1.736753,7.1638
1.743892,7.1373
1.751132,7.2384
1.758259,7.1244
1.765387,7.1268
1.772512,7.1244
1.779640,7.1261
1.786779,7.1381
1.793966,7.1824
1.801122,7.1528
1.808267,7.1434
1.815400,7.1305
1.822563,7.1614
1.829716,7.1352
1.836847,7.1294
1.843975,7.1258
1.851104,7.1274
1.858231,7.1258
1.865356,7.1245
1.872487,7.1296
1.879616,7.1273
1.886811,7.1932
1.893939,7.1253
1.901065,7.1249
1.908204,7.1380
1.915331,7.1249
1.922460,7.1283
1.929590,7.1275
1.936753,7.1620
1.943894,7.1387
1.951048,7.1525
1.958176,7.1260
1.965302,7.1248
1.972428,7.1245
1.979556,7.1260
1.986685,7.1274
1.993812,7.1254
2.000939,7.1256
2.008065,7.1254
2.015310,7.2428
2.022511,7.1992
2.029685,7.1686
2.036828,7.1388
2.044008,7.1750
2.051135,7.1246
2.058263,7.1257
2.065392,7.1282
2.072519,7.1256
2.079677,7.1559
2.086820,7.1419
2.093947,7.1254
2.101074,7.1256
2.108201,7.1256
2.115331,7.1288
2.122459,7.1261
2.129588,7.1273
2.136754,7.1643
2.143946,7.1905
2.151081,7.1334
2.158209,7.1267
2.165337,7.1266
2.172464,7.1251
2.179594,7.1293
2.186722,7.1259
2.193849,7.1257
2.200977,7.1267
2.208104,7.1255
2.215233,7.1267
2.222360,7.1255
2.229486,7.1249
2.236641,7.1538
2.243776,7.1331
2.250905,7.1274
2.258032,7.1251
2.265214,7.1807
2.272342,7.1268
2.279471,7.1273
2.286598,7.1260
2.293725,7.1253
2.300884,7.1573
2.308032,7.1448
2.315161,7.1273
2.322331,7.1683
2.329513,7.1797
2.336677,7.1623
2.343815,7.1364
2.350943,7.1258
2.358068,7.1243
2.365200,7.1301
2.372326,7.1249
2.379453,7.1260
2.386675,7.2205
2.393860,7.1827
2.401015,7.1505
2.408185,7.1684
2.415331,7.1444
2.422463,7.1292
2.429592,7.1269
2.436722,7.1285
2.443853,7.1291
2.450980,7.1253
2.458116,7.1340
2.465243,7.1260
2.472370,7.1255
2.479500,7.1279
2.486637,7.1361
2.493774,7.1352
2.500902,7.1253
2.508030,7.1268
2.515159,7.1279
2.522395,7.2339
2.529529,7.1321
2.536718,7.1882
2.543867,7.1475
2.551005,7.1355
2.558132,7.1255
2.565297,7.1634
2.572484,7.1859
2.579616,7.1298
2.586756,7.1387
2.593882,7.1251
2.601019,7.1357
2.608148,7.1273
2.615274,7.1250
2.622401,7.1257
2.629530,7.1270
2.636669,7.1380
2.643815,7.1443
2.650992,7.1755
2.658122,7.1275
2.665265,7.1411
2.672440,7.1738
2.679575,7.1332
2.686706,7.1296
2.693833,7.1252
2.700959,7.1249
2.708089,7.1287
2.715217,7.1262
2.722345,7.1261
2.733337,10.9903
2.742914,9.5737
2.750045,7.1279
2.757172,7.1259
2.764300,7.1261
2.771428,7.1266
2.778561,7.1309
2.785687,7.1255
2.792815,7.1259
2.799941,7.1252
2.807070,7.1270
2.814197,7.1260
2.821325,7.1267
2.828453,7.1268
2.835583,7.1280
2.842774,7.1897
2.849916,7.1395
2.857043,7.1252
2.864170,7.1263
2.871297,7.1251
2.878476,7.1779
2.885627,7.1486
2.892754,7.1250
2.899882,7.1258
2.907030,7.1464
2.914166,7.1348
2.921293,7.1252
2.928419,7.1253
2.935563,7.1420
2.942708,7.1440
2.949842,7.1314
2.956968,7.1254
2.964101,7.1316
2.971251,7.1480
2.978377,7.1253
2.985504,7.1248
2.992817,7.3119
3.000088,7.2676
3.007320,7.2304
3.014553,7.2298
3.021685,7.1296
3.028818,7.1316
3.035972,7.1516
3.043100,7.1262
3.050227,7.1248
3.057354,7.1251
3.064485,7.1298
3.071614,7.1274
3.078742,7.1265
3.085869,7.1260
3.092999,7.1280
3.100144,7.1443
3.107272,7.1255
3.114399,7.1253
3.121527,7.1266
3.128656,7.1271
3.135793,7.1354
3.142937,7.1428
3.150083,7.1448
3.157211,7.1256
3.164345,7.1325
3.171471,7.1249
3.178598,7.1258
3.185725,7.1259
3.192853,7.1266
3.199981,7.1260
3.207127,7.1446
3.214254,7.1251
3.221380,7.1248
3.228508,7.1264
3.235649,7.1398
3.242799,7.1491
3.249939,7.1378
3.257074,7.1322
3.264223,7.1473
3.271349,7.1251
3.278477,7.1263
3.285604,7.1254
3.292760,7.1546
3.299886,7.1249
3.307030,7.1421
3.314218,7.1871
3.321372,7.1522
3.328500,7.1262
3.335635,7.1337
3.342762,7.1253
3.349899,7.1363
3.357043,7.1424
3.364170,7.1251
3.371296,7.1249
3.378422,7.1242
3.385549,7.1260
3.392698,7.1472
3.399895,7.1946
3.407023,7.1244
3.414149,7.1249
3.421300,7.1502
3.428428,7.1266
3.435566,7.1363
3.442692,7.1248
3.449833,7.1392
3.456987,7.1530
3.464117,7.1279
3.471266,7.1474
3.478393,7.1251
3.485529,7.1346
3.492655,7.1253
3.499783,7.1256
3.506908,7.1243
3.514036,7.1258
3.521162,7.1248
3.528291,7.1272
3.535429,7.1367
3.542556,7.1258
3.549842,7.2843
3.557029,7.1857
3.564194,7.1629
3.571321,7.1251
3.578447,7.1250
3.585574,7.1255
3.592858,7.2828
3.600148,7.2866
3.607342,7.1911
3.614636,7.2919
3.621915,7.2763
3.629149,7.2316
3.636300,7.1476
3.643426,7.1251
3.650572,7.1444
3.657706,7.1327
3.664844,7.1252
3.671971,7.1256
3.679111,7.1385
3.686238,7.1255
3.693365,7.1255
3.700492,7.1253
3.707619,7.1259
3.714748,7.1270
3.721875,7.1261
3.729074,7.1975
3.736211,7.1351
3.743356,7.1440
3.750500,7.1424
3.757636,7.1335
3.764762,7.1249
3.771888,7.1249
3.779017,7.1273
3.786143,7.1252
3.793271,7.1257
3.800456,7.1846
3.807591,7.1332
3.814731,7.1383
3.821900,7.1679
3.829027,7.1254
3.836162,7.1337
3.843290,7.1260
3.850432,7.1406
3.857570,7.1366
3.864716,7.1446
3.871852,7.1344
3.878979,7.1253
3.886116,7.1357
3.893243,7.1244
3.900369,7.1245
3.907495,7.1253
3.914622,7.1254
3.921755,7.1313
3.928881,7.1248
3.936036,7.1534
3.943163,7.1250
3.950313,7.1495
3.957507,7.1912
3.964732,7.2232
3.971967,7.2337
3.979151,7.1829
3.986426,7.2735
3.993626,7.1987
4.000824,7.1967
4.008127,7.3013
4.015339,7.2101
4.022538,7.1969
4.029764,7.2246
4.037032,7.2668
4.044237,7.2036
4.051535,7.2963
4.058841,7.3040
4.066100,7.2561
4.073325,7.2235
4.080540,7.2138
4.087744,7.2016
4.094932,7.1863
4.102069,7.1359
4.109224,7.1535
4.116402,7.1758
4.123764,7.3611
4.131035,7.2678
4.138369,7.3318
4.145578,7.2071
4.152847,7.2674
4.160138,7.2885
4.167445,7.3056
4.174649,7.2020
4.181877,7.2264
4.189077,7.1982
4.196280,7.2018
4.203589,7.3044
4.210972,7.3820
4.218521,7.5454
4.225792,7.2700
4.232994,7.2002
4.240238,7.2427
4.247447,7.2070
4.254780,7.3310
4.262040,7.2583
4.269233,7.1907
4.276441,7.2062
4.283658,7.2154
4.290981,7.3216
4.298239,7.2550
4.305532,7.2919
4.312777,7.2427
4.319966,7.1876
4.327241,7.2726
4.334492,7.2492
4.341826,7.3330
4.349171,7.3421
4.356458,7.2850
4.363759,7.2989
4.370987,7.2256
4.378318,7.3291
4.385620,7.3002
4.393034,7.4121
4.400279,7.2417
4.407511,7.2302
4.414724,7.2119
4.421929,7.2034
4.429244,7.3133
4.436616,7.3711
4.443960,7.3423
4.451212,7.2498
4.458639,7.4252
4.466160,7.5196
4.473477,7.3150
4.480832,7.3537
4.488091,7.2567
4.495258,7.1658
4.502381,7.1225
4.509510,7.1273
4.516667,7.1557
4.523806,7.1362
4.530932,7.1233
4.538085,7.1522
4.545209,7.1224
4.552335,7.1245
4.559459,7.1234
4.566587,7.1261
4.573861,7.2717
4.580987,7.1247
4.588113,7.1245
4.595238,7.1243
4.602459,7.2195
4.609587,7.1261
4.616713,7.1241
4.623837,7.1236
4.630963,7.1244
4.638094,7.1299
4.645220,7.1250
4.652345,7.1232
4.659473,7.1261
4.666601,7.1267
4.673728,7.1250
4.680853,7.1238
4.687979,7.1244
4.695104,7.1242
4.702233,7.1281
4.709460,7.2251
4.716587,7.1250
4.723712,7.1243
4.730856,7.1423
4.737985,7.1280
4.745113,7.1263
4.752240,7.1253
4.759372,7.1304
4.766516,7.1422
4.773644,7.1267
4.780791,7.1452
4.787937,7.1450
4.795260,7.3216
4.802431,7.1669
4.809670,7.2380
4.816922,7.2483
4.824052,7.1277
4.831198,7.1451
4.838326,7.1269
4.845479,7.1517
4.852607,7.1264
4.859743,7.1346
4.866874,7.1294
4.874006,7.1301
4.881132,7.1241
4.888278,7.1443
4.895410,7.1298
4.902537,7.1256
4.909664,7.1254
4.916791,7.1254
4.923917,7.1243
4.931048,7.1290
4.938177,7.1275
4.945303,7.1243
4.952517,7.2119
4.959655,7.1370
4.966784,7.1273
4.973912,7.1261
4.981037,7.1237
4.988164,7.1256
4.995297,7.1292
5.004219,7.3453
5.011404,7.1603
5.018529,7.1236
5.025652,7.1219
5.032790,7.1379
5.039917,7.1258
5.047041,7.1222
5.054164,7.1226
5.061287,7.1222
5.068414,7.1256
5.075539,7.1231
5.082688,7.1481
5.089811,7.1220
5.096935,7.1235
5.104059,7.1224
5.111287,7.2274
5.118413,7.1246
5.125539,7.1251
5.132674,7.1334
5.139812,7.1359
5.146953,7.1404
5.154159,7.2035
5.161339,7.1787
5.168470,7.1285
5.175594,7.1229
5.182716,7.1216
5.189840,7.1231
5.196963,7.1217
5.204095,7.1308
5.211218,7.1219
5.218349,7.1308
5.225473,7.1231
5.232597,7.1230
5.239725,7.1270
5.246848,7.1217
5.253974,7.1254
5.261097,7.1222
5.268376,7.2777
5.275591,7.2127
5.282730,7.1367
5.289886,7.1551
5.297026,7.1378
5.304162,7.1342
5.311295,7.1318
5.318423,7.1270
5.325623,7.1978
5.332755,7.1313
5.339926,7.1693
5.347061,7.1334
5.354210,7.1478
5.361370,7.1578
5.368551,7.1789
5.375884,7.3317
5.383021,7.1357
5.390178,7.1557
5.397538,7.3583
5.404723,7.1799
5.412032,7.3073
5.419543,7.5026
5.426711,7.1636
5.433862,7.1498
5.441040,7.1755
5.448184,7.1427
5.455331,7.1452
5.462522,7.1890
5.469674,7.1472
5.476810,7.1339
5.483945,7.1327
5.491081,7.1353
5.498214,7.1316
5.505521,7.2899
5.512653,7.1299
5.519852,7.1978
5.526985,7.1313
5.534151,7.1640
5.541294,7.1412
5.548425,7.1298
5.555566,7.1393
5.562702,7.1346
5.569847,7.1426
5.576977,7.1288
5.584113,7.1343
5.591244,7.1294
5.598529,7.2832
5.605684,7.1533
5.612873,7.1871
5.620015,7.1408
5.627150,7.1327
5.634288,7.1364
5.641437,7.1472
5.648567,7.1293
5.655701,7.1322
5.662881,7.1783
5.670044,7.1602
5.677188,7.1423
5.684325,7.1355
5.691570,7.2426
5.698748,7.1727
5.705880,7.1296
5.713013,7.1313
5.720148,7.1340
5.727316,7.1657
5.734460,7.1411
5.741601,7.1396
5.748735,7.1324
5.755883,7.1460
5.763016,7.1295
5.770157,7.1395
5.777303,7.1440
5.784437,7.1317
5.791575,7.1370
5.798835,7.2577
5.805980,7.1444
5.813124,7.1416
5.820255,7.1304
5.827385,7.1283
5.834516,7.1287
5.841657,7.1404
5.848804,7.1452
5.855960,7.1528
5.863093,7.1321
5.870242,7.1472
5.877390,7.1454
5.884549,7.1571
5.891697,7.1472
5.898833,7.1339
5.906118,7.2836
5.913250,7.1296
5.920386,7.1343
5.927534,7.1467
5.934697,7.1616
5.941881,7.1828
5.949055,7.1724
5.956188,7.1298
5.963319,7.1304
5.970480,7.1590
5.977637,7.1550
5.984769,7.1304
5.991955,7.1850
5.999322,7.3611
6.006493,7.1623
6.013686,7.1912
6.020879,7.1884
6.028019,7.1376
6.035164,7.1440
6.042325,7.1560
6.049457,7.1299
6.056589,7.1306
6.063724,7.1337
6.070862,7.1347
6.077995,7.1311
6.085126,7.1294
6.092257,7.1292
6.099392,7.1333
6.106682,7.2892
6.113813,7.1283
6.120943,7.1285
6.128072,7.1277
6.135203,7.1292
6.142342,7.1376
6.149473,7.1300
6.156608,7.1325
6.163742,7.1329
6.170885,7.1410
6.178028,7.1419
6.185161,7.1309
6.192291,7.1285
6.199422,7.1289
6.206551,7.1280
6.213809,7.2558
6.220936,7.1260
6.228065,7.1271
6.235221,7.1547
6.242353,7.1290
6.249481,7.1262
6.256648,7.1656
6.263783,7.1338
6.270937,7.1529
6.278079,7.1372
6.285209,7.1286
6.292347,7.1364
6.299482,7.1339
6.306614,7.1309
6.313747,7.1312
6.321013,7.2647
6.328168,7.1534
6.335300,7.1287
6.342436,7.1342
6.349574,7.1362
6.356704,7.1287
6.363870,7.1649
6.371025,7.1529
6.378170,7.1431
6.385303,7.1311
6.392433,7.1284
6.399608,7.1736
6.406786,7.1737
6.413931,7.1429
6.421063,7.1303
6.428364,7.3002
6.435501,7.1343
6.442649,7.1470
6.449784,7.1335
6.456943,7.1576
6.464084,7.1394
6.471221,7.1349
6.478386,7.1621
6.485521,7.1336
6.492660,7.1363
6.499843,7.1806
6.506985,7.1399
6.514122,7.1353
6.521259,7.1355
6.528408,7.1478
6.535723,7.3129
6.542861,7.1359
6.549998,7.1348
6.557143,7.1433
6.564279,7.1348
6.571429,7.1482
6.578592,7.1619
6.585728,7.1338
6.592865,7.1352
6.600144,7.2772
6.607304,7.1491
6.614506,7.2000
6.621834,7.3242
6.629001,7.1649
6.636138,7.1328
6.643276,7.1362
6.650407,7.1298
6.657557,7.1483
6.664686,7.1274
6.671817,7.1288
6.678955,7.1364
6.686096,7.1389
6.693226,7.1281
6.700357,7.1297
6.707627,7.2684
6.714758,7.1288
6.721889,7.1303
6.729063,7.1720
6.736214,7.1489
6.743360,7.1444
6.750533,7.1722
6.757683,7.1477
6.764819,7.1345
6.771954,7.1336
6.779099,7.1427
6.786232,7.1317
6.793364,7.1298
6.800491,7.1261
6.807622,7.1290
6.814885,7.2616
6.822015,7.1283
6.829144,7.1278
6.836277,7.1311
6.843436,7.1576
6.850571,7.1311
6.857703,7.1305
6.864841,7.1365
6.871977,7.1347
6.879119,7.1402
6.886290,7.1696
6.893432,7.1389
6.900570,7.1368
6.907702,7.1307
6.914837,7.1329
6.922116,7.2771
6.929248,7.1303
6.936397,7.1474
6.943630,7.2317
6.950852,7.2199
6.958033,7.1786
6.965188,7.1541
6.972322,7.1329
6.979480,7.1562
6.986614,7.1319
6.993777,7.1610
7.000920,7.1423
7.008071,7.1494
7.015205,7.1317
7.022334,7.1282
7.029597,7.2610
7.036774,7.1759
7.043921,7.1438
7.051053,7.1299
7.058187,7.1334
7.065318,7.1289
7.072480,7.1604
7.079696,7.2143
7.086841,7.1433
7.093991,7.1481
7.101137,7.1441
7.108294,7.1559
7.115440,7.1448
7.122570,7.1280
7.129706,7.1346
7.136965,7.2575
7.144114,7.1474
7.151269,7.1535
7.158406,7.1352
7.165550,7.1428
7.172702,7.1498
7.179845,7.1411
7.186976,7.1300
7.194162,7.1838
7.201463,7.2955
7.208628,7.1578
7.215808,7.1779
7.222982,7.1704
7.230128,7.1439
7.237266,7.1359
7.244399,7.1319
7.251555,7.1539
7.258718,7.1620
7.265872,7.1494
7.273007,7.1339
7.280144,7.1343
7.287290,7.1439
7.294419,7.1270
7.301550,7.1304
7.308807,7.2547
7.315942,7.1336
7.323112,7.1687
7.330251,7.1346
7.337398,7.1363
7.344547,7.1471
7.351676,7.1281
7.358808,7.1302
7.365937,7.1271
7.373069,7.1309
7.380204,7.1332
7.387352,7.1462
7.394560,7.2064
7.401750,7.1837
7.408889,7.1369
7.416151,7.2598
7.423282,7.1305
7.430423,7.1388
7.437566,7.1408
7.444725,7.1573
7.451887,7.1612
7.459055,7.1655
7.466225,7.1675
7.473486,7.2601
7.480656,7.1611
7.487856,7.1984
7.495021,7.1629
7.502155,7.1322
7.509284,7.1283
7.516428,7.1413
7.523560,7.1304
7.530696,7.1346
7.537829,7.1318
7.544976,7.1459
7.552119,7.1403
7.559258,7.1370
7.566392,7.1328
7.573525,7.1306
7.580838,7.3098
7.587998,7.1576
7.595130,7.1305
7.602277,7.1459
7.609438,7.1589
7.616577,7.1378
7.623727,7.1487
7.630875,7.1468
7.638026,7.1492
7.645330,7.3024
7.652515,7.1827
7.659654,7.1372
7.666796,7.1401
7.673994,7.1964
7.681165,7.1694
7.688436,7.2695
7.695571,7.1339
7.702704,7.1315
7.709853,7.1469
7.716989,7.1345
7.724122,7.1318
7.731352,7.2287
7.738510,7.1557
7.745660,7.1482
7.752805,7.1437
7.759936,7.1298
7.767116,7.1781
7.774305,7.1882
7.781486,7.1780
7.788642,7.1551
7.796033,7.3886
7.803249,7.2120
7.810407,7.1510
7.817607,7.1969
7.824959,7.3487
7.832103,7.1423
7.839268,7.1639
7.846408,7.1380
7.853545,7.1361
7.860684,7.1369
7.867817,7.1315
7.874974,7.1553
7.882127,7.1488
7.889281,7.1519
7.896415,7.1314
7.903697,7.2805
7.910830,7.1310
7.917964,7.1327
7.925100,7.1335
7.932231,7.1294
7.939370,7.1379
7.946506,7.1342
7.953647,7.1392
7.960777,7.1290
7.967909,7.1301
7.975074,7.1634
7.982228,7.1516
7.989380,7.1507
7.996511,7.1298
8.003643,7.1299
8.010913,7.2667
8.018070,7.1555
8.025205,7.1316
8.032343,7.1369
8.039537,7.1922
8.046684,7.1418
8.053817,7.1311
8.060952,7.1336
8.068112,7.1587
8.075250,7.1359
8.082399,7.1477
8.089569,7.1673
8.096705,7.1340
8.103839,7.1333
8.110972,7.1308
8.118238,7.2643
8.125373,7.1338
8.132510,7.1346
8.139657,7.1459
8.146796,7.1376
8.153931,7.1336
8.161062,7.1293
8.168195,7.1321
8.175326,7.1295
8.182468,7.1405
8.189612,7.1418
8.196743,7.1291
8.203875,7.1303
8.211019,7.1433
8.218194,7.1734
8.225469,7.2727
8.232615,7.1439
8.239749,7.1328
8.246881,7.1305
8.254015,7.1320
8.261152,7.1363
8.268288,7.1341
8.275432,7.1428
8.282612,7.1778
8.289752,7.1376
8.296885,7.1305
8.304018,7.1310
8.311149,7.1300
8.318320,7.1699
8.325503,7.1787
8.332802,7.2963
8.340222,7.4187
8.347389,7.1562
8.354524,7.1260
8.361663,7.1281
8.368803,7.1330
8.375927,7.1227
8.383051,7.1217
8.390185,7.1328
8.397318,7.1308
8.404469,7.1478
8.411641,7.1671
8.418785,7.1424
8.425936,7.1500
8.433062,7.1241
8.440186,7.1224
8.447347,7.1602
8.454577,7.2283
8.461756,7.1772
8.468935,7.1771
8.476110,7.1734
8.483265,7.1523
8.490410,7.1433
8.497541,7.1297
8.504673,7.1302
8.511803,7.1285
8.518939,7.1355
8.526073,7.1320
8.533205,7.1308
8.540350,7.1437
8.547485,7.1329
8.554751,7.2649
8.561885,7.1322
8.569020,7.1335
8.576156,7.1341
8.583312,7.1546
8.590462,7.1483
8.597601,7.1365
8.604751,7.1490
8.611887,7.1346
8.619021,7.1321
8.626154,7.1316
8.633286,7.1301
8.640427,7.1399
8.647564,7.1349
8.654697,7.1315
8.661966,7.2674
8.669260,7.2923
8.676403,7.1414
8.683556,7.1508
8.690694,7.1359
8.697826,7.1309
8.704959,7.1311
8.712119,7.1581
8.719261,7.1407
8.726398,7.1351
8.733543,7.1436
8.740693,7.1481
8.747830,7.1354
8.754974,7.1423
8.762105,7.1297
8.769367,7.2609
8.776495,7.1265
8.783658,7.1611
8.790803,7.1431
8.797933,7.1283
8.805062,7.1273
8.812205,7.1413
8.819380,7.1735
8.826518,7.1361
8.833651,7.1319
8.840808,7.1547
8.847950,7.1406
8.855080,7.1283
8.862215,7.1327
8.869344,7.1278
8.876603,7.2573
8.883759,7.1548
8.890942,7.1809
8.898090,7.1451
8.905219,7.1273
8.912364,7.1435
8.919502,7.1364
8.926646,7.1424
8.933803,7.1549
8.940968,7.1632
8.948119,7.1497
8.955274,7.1534
8.962462,7.1861
8.969647,7.1838
8.976778,7.1296
8.984056,7.2757
8.991214,7.1564
8.998455,7.2389
9.005780,7.3228
9.012966,7.1829
9.020193,7.2244
9.027548,7.3518
9.034700,7.1503
9.041884,7.1825
9.049018,7.1315
9.056160,7.1408
9.063297,7.1351
9.070459,7.1603
9.077607,7.1461
9.084753,7.1446
9.091904,7.1483
9.099039,7.1331
9.106181,7.1404
9.113469,7.2864
9.120612,7.1409
9.127831,7.2180
9.134976,7.1433
9.142143,7.1649
9.149279,7.1344
9.156428,7.1473
9.163576,7.1464
9.170735,7.1460
9.177867,7.1303
9.185013,7.1443
9.192164,7.1496
9.199297,7.1305
9.206452,7.1537
9.213616,7.1621
9.220760,7.1418
9.227900,7.1389
9.235186,7.2845
9.242358,7.1710
9.249494,7.1332
9.256634,7.1384
9.263769,7.1335
9.270950,7.1800
9.278087,7.1350
9.285229,7.1403
9.292391,7.1598
9.299527,7.1352
9.306662,7.1336
9.313869,7.2049
9.321027,7.1561
9.328191,7.1626
9.335336,7.1427
9.342625,7.2878
9.349784,7.1579
9.356919,7.1324
9.364052,7.1316
9.371212,7.1587
9.378350,7.1364
9.385504,7.1524
9.392663,7.1575
9.399802,7.1360
9.406935,7.1315
9.414070,7.1340
9.421206,7.1339
9.428340,7.1322
9.435508,7.1670
9.442666,7.1554
9.449892,7.2252
9.457041,7.1470
9.464216,7.1742
9.471377,7.1592
9.478555,7.1759
9.485702,7.1446
9.492844,7.1401
9.499979,7.1329
9.507114,7.1342
9.514249,7.1335
9.521383,7.1316
9.528516,7.1320
9.535649,7.1318
9.542811,7.1599
9.549949,7.1368
9.557259,7.3083
9.564581,7.3193
9.571747,7.1633
9.578884,7.1355
9.586028,7.1424
9.593205,7.1742
9.600334,7.1254
9.607506,7.1683
9.614674,7.1616
9.621821,7.1449
9.628972,7.1492
9.636098,7.1245
9.643221,7.1218
9.650343,7.1218
9.657468,7.1235
9.664599,7.1296
9.671724,7.1217
9.678846,7.1218
9.685970,7.1228
9.693253,7.2812
9.700530,7.2749
9.707668,7.1363
9.714801,7.1316
9.721932,7.1300
9.729110,7.1760
9.736247,7.1359
9.743397,7.1483
9.750529,7.1302
9.757689,7.1586
9.764821,7.1299
9.771955,7.1317
9.779086,7.1297
9.786225,7.1374
9.793368,7.1417
9.800504,7.1336
9.807767,7.2621
9.814898,7.1293
9.822040,7.1397
9.829176,7.1349
9.836310,7.1325
9.843473,7.1617
9.850629,7.1542
9.857772,7.1414
9.864903,7.1304
9.872071,7.1661
9.879201,7.1283
9.886363,7.1601
9.893518,7.1526
9.900685,7.1656
9.907816,7.1297
9.915088,7.2703
9.922232,7.1423
9.929366,7.1323
9.936515,7.1481
9.943692,7.1751
9.950851,7.1576
9.957989,7.1360
9.965123,7.1323
9.972275,7.1496
9.979407,7.1309
9.986557,7.1485
9.993707,7.1484
10.000961,7.2522
10.008238,7.2686
10.626710,452.1476
11.080924,454.1881
11.760212,679.2747
12.217435,457.2106
12.893680,676.2372
13.347887,454.1966
13.802066,454.1727
14.482264,680.1836
14.934422,452.1398
15.613638,679.2103
16.067043,453.3906
16.513295,446.2389
17.192471,679.1682
17.646696,454.2170
18.325898,679.1879
18.778200,452.2902
19.457667,679.4454
19.911824,454.1450
20.067606,155.7719
20.151789,84.1677
20.159206,7.4118
20.166742,7.5257
20.173943,7.1835
20.181233,7.2855
20.188451,7.2141
20.195674,7.2199
20.202967,7.2872
20.210140,7.1715
20.217357,7.2149
20.224554,7.1954
20.231833,7.2777
20.239140,7.3055
20.246457,7.3144
20.253774,7.3157
20.260921,7.1435
20.268049,7.1257
20.275175,7.1253
20.282302,7.1255
20.289431,7.1269
20.296559,7.1270
20.303685,7.1246
20.310811,7.1248
20.317939,7.1262
20.325065,7.1252
20.332193,7.1250
20.339325,7.1310
20.346481,7.1537
20.353614,7.1312
20.360742,7.1263
20.367896,7.1511
20.375130,7.2275
20.382315,7.1826
20.389495,7.1778
20.396794,7.2969
20.404048,7.2519
20.411549,7.4991
20.418821,7.2706
20.426096,7.2731
20.433616,7.5183
20.440777,7.1590
20.447908,7.1290
20.455052,7.1427
20.462194,7.1397
20.469321,7.1254
20.476451,7.1287
20.483579,7.1258
20.490705,7.1246
20.497834,7.1279
20.504964,7.1282
20.512091,7.1253
20.519216,7.1240
20.526341,7.1237
20.533467,7.1243
20.540596,7.1269
20.547725,7.1266
20.554902,7.1761
20.562048,7.1438
20.569184,7.1340
20.576371,7.1856
20.583576,7.2030
20.590814,7.2364
20.598102,7.2867
20.605359,7.2551
20.612780,7.4191
20.620194,7.4120
20.627344,7.1470
20.636087,7.1875
20.643273,7.1600
20.650401,7.1260
20.657552,7.1493
20.664690,7.1356
20.671826,7.1337
20.678956,7.1279
20.686119,7.1613
20.693249,7.1286
20.700377,7.1269
20.707512,7.1325
20.714643,7.1294
20.721773,7.1289
20.729040,7.2643
20.736197,7.1557
20.743499,7.3006
20.750644,7.1429
20.757827,7.1820
20.765119,7.2897
20.772278,7.1540
20.779641,7.3607
20.786805,7.1629
20.794140,7.3325
20.801266,7.1248
20.808389,7.1223
20.815513,7.1228
20.822638,7.1243
20.829790,7.1501
20.836913,7.1224
20.844037,7.1220
20.851162,7.1229
20.858286,7.1233
20.865411,7.1221
20.872538,7.1242
20.879664,7.1246
20.886792,7.1270
20.893927,7.1335
20.901054,7.1238
20.908186,7.1304
20.915315,7.1270
20.922445,7.1283
20.929573,7.1265
20.936726,7.1358
20.943853,7.1253
20.950982,7.1281
20.958287,7.3032
20.965456,7.1665
20.972613,7.1552
20.979743,7.1283
20.987067,7.3219
20.994208,7.1374
21.001347,7.1376
21.008477,7.1283
21.015610,7.1303
21.022746,7.1349
21.029875,7.1277
21.037005,7.1281
21.044134,7.1279
21.051264,7.1277
21.058439,7.1739
21.065589,7.1475
21.072733,7.1420
21.079868,7.1320
21.087025,7.1556
21.094164,7.1373
21.101304,7.1385
21.108442,7.1357
21.115583,7.1392
21.122724,7.1394
21.129862,7.1365
21.137000,7.1365
21.144136,7.1338
21.151269,7.1320
21.158447,7.1763
21.165640,7.1915
21.172816,7.1731
21.179949,7.1313
21.187097,7.1463
21.194233,7.1336
21.201366,7.1316
21.208500,7.1328
21.215669,7.1667
21.222810,7.1388
21.229981,7.1690
21.237240,7.2580
21.244438,7.1954
21.251661,7.2188
21.258827,7.1651
21.265987,7.1578
21.273173,7.1842
21.280334,7.1585
21.287531,7.1946
21.294668,7.1351
21.301803,7.1334
21.308938,7.1331
21.316085,7.1458
21.323336,7.2486
21.330475,7.1303
21.337625,7.1406
21.344768,7.1416
21.351896,7.1269
21.359024,7.1264
21.366161,7.1356
21.373323,7.1525
21.380480,7.1532
21.387707,7.2241
21.394845,7.1327
21.401971,7.1248
21.409095,7.1219
21.416218,7.1226
21.423342,7.1229
21.430466,7.1224
21.437592,7.1251
21.444730,7.1361
21.451858,7.1266
21.458988,7.1283
21.466189,7.1990
21.473326,7.1344
21.480496,7.1678
21.487635,7.1362
21.494764,7.1271
21.501891,7.1254
21.509019,7.1265
21.516148,7.1272
21.523277,7.1277
21.530423,7.1443
21.537552,7.1279
21.544684,7.1302
21.551814,7.1281
21.558965,7.1489
21.566157,7.1901
21.573304,7.1452
21.580433,7.1271
21.587581,7.1464
21.594729,7.1456
21.601858,7.1268
21.608987,7.1270
21.616140,7.1516
21.623357,7.2151
21.630492,7.1306
21.637634,7.1403
21.644763,7.1272
21.651893,7.1287
21.659054,7.1597
21.666233,7.1773
21.673417,7.1813
21.680577,7.1578
21.687733,7.1542
21.694973,7.2374
21.702121,7.1430
21.709252,7.1271
21.716375,7.1218
21.723515,7.1389
21.730640,7.1239
21.737765,7.1235
21.744887,7.1217
21.752010,7.1218
21.759136,7.1252
21.766263,7.1230
21.773386,7.1220
21.780510,7.1217
21.787633,7.1225
21.794757,7.1229
21.801880,7.1219
21.809005,7.1240
21.816131,7.1239
21.823257,7.1246
21.830384,7.1258
21.837512,7.1263
21.844640,7.1264
21.851816,7.1747
21.858970,7.1511
21.866097,7.1255
21.873242,7.1431
21.880387,7.1432
21.887559,7.1692
21.894770,7.2098
21.901902,7.1294
21.909140,7.2361
21.916276,7.1323
21.923408,7.1300
21.930541,7.1314
21.937681,7.1385
21.944816,7.1338
21.951967,7.1491
21.959109,7.1391
21.966362,7.2509
21.973515,7.1466
21.980817,7.2948
21.987982,7.1627
21.995307,7.3223
22.002443,7.1349
22.009581,7.1300
22.016705,7.1217
22.023828,7.1225
22.030951,7.1217
22.038074,7.1223
22.045197,7.1217
22.052320,7.1222
22.059449,7.1274
22.066577,7.1249
22.073701,7.1228
22.080828,7.1246
22.087956,7.1257
22.095082,7.1242
22.102208,7.1249
22.109349,7.1395
22.116477,7.1257
22.123608,7.1297
22.130736,7.1263
22.137862,7.1246
22.144990,7.1267
22.152121,7.1288
22.159283,7.1605
22.166414,7.1290
22.173582,7.1662
22.180740,7.1555
22.187912,7.1705
22.195042,7.1278
22.202173,7.1295
22.209308,7.1332
22.216553,7.2433
22.223711,7.1556
22.230851,7.1386
22.238027,7.1733
22.245158,7.1292
22.252290,7.1303
22.259449,7.1566
22.266582,7.1324
22.273778,7.1942
22.280935,7.1553
22.288075,7.1378
22.295209,7.1325
22.302350,7.1389
22.309490,7.1390
22.316635,7.1431
22.323770,7.1332
22.331064,7.2916
22.338204,7.1371
22.345336,7.1309
22.352469,7.1311
22.359662,7.1913
22.366826,7.1626
22.373999,7.1712
22.381169,7.1680
22.388308,7.1370
22.395522,7.2116
22.402818,7.2915
22.409978,7.1552
22.417111,7.1316
22.424254,7.1414
22.431404,7.1479
22.438578,7.1719
22.445717,7.1374
22.452865,7.1460
22.460071,7.2044
22.467277,7.2037
22.474463,7.1843
22.481627,7.1617
22.488816,7.1870
22.495979,7.1610
22.503116,7.1349
22.510252,7.1335
22.517385,7.1318
22.524535,7.1481
22.531823,7.2872
22.539050,7.2255
22.546185,7.1323
22.553344,7.1568
22.560490,7.1448
22.567890,7.3984
22.575049,7.1517
22.582197,7.1419
22.589358,7.1579
22.596702,7.3408
22.603827,7.1238
22.610950,7.1217
22.618075,7.1236
22.625199,7.1229
22.632321,7.1217
22.639444,7.1218
22.646568,7.1226
22.653690,7.1218
22.660827,7.1230
22.667950,7.1219
22.675073,7.1225
22.682200,7.1250
22.689328,7.1258
22.696455,7.1256
22.703591,7.1351
22.710727,7.1332
22.717859,7.1305
22.724987,7.1268
22.732146,7.1573
22.739281,7.1327
22.746409,7.1270
22.753561,7.1504
22.760691,7.1285
22.767820,7.1267
22.774948,7.1267
22.782102,7.1518
22.789281,7.1772
22.796408,7.1251
22.803538,7.1286
22.810666,7.1262
22.817794,7.1261
22.824925,7.1294
22.832053,7.1266
22.839180,7.1255
22.846373,7.1910
22.853537,7.1617
22.860674,7.1357
22.867803,7.1279
22.875028,7.2224
22.882173,7.1429
22.889386,7.2111
22.896537,7.1479
22.903670,7.1311
22.910828,7.1561
22.917962,7.1324
22.925095,7.1315
22.932228,7.1319
22.939374,7.1435
22.946507,7.1318
22.953722,7.2128
22.960889,7.1652
22.968024,7.1331
22.975158,7.1328
22.982319,7.1594
22.989482,7.1607
22.996626,7.1419
23.003899,7.2712
23.011034,7.1336
23.018176,7.1401
23.025315,7.1379
23.032452,7.1350
23.039596,7.1422
23.046740,7.1424
23.054042,7.3003
23.061222,7.1761
23.068373,7.1488
23.075583,7.2089
23.082777,7.1920
23.089983,7.2029
23.097117,7.1331
23.104258,7.1381
23.111418,7.1593
23.118563,7.1431
23.125704,7.1390
23.132844,7.1386
23.139984,7.1382
23.147118,7.1322
23.154269,7.1496
23.161412,7.1419
23.168638,7.2236
23.175796,7.1532
23.182932,7.1316
23.190087,7.1510
23.197436,7.3450
23.204562,7.1242
23.211685,7.1222
23.218808,7.1220
23.225931,7.1226
23.233055,7.1227
23.240180,7.1238
23.247303,7.1220
23.254426,7.1219
23.261573,7.1462
23.268702,7.1273
23.275827,7.1240
23.282960,7.1312
23.290101,7.1399
23.297257,7.1539
23.304387,7.1259
23.311514,7.1261
23.318643,7.1274
23.325845,7.2001
23.332972,7.1246
23.340101,7.1278
23.347231,7.1285
23.354386,7.1532
23.361530,7.1420
23.368664,7.1319
23.375798,7.1319
23.382931,7.1315
23.390134,7.2009
23.397488,7.3515
23.404615,7.1228
23.411738,7.1218
23.418864,7.1245
23.425987,7.1218
23.433110,7.1229
23.440234,7.1225
23.447359,7.1234
23.454482,7.1218
23.461608,7.1247
23.468733,7.1221
23.475860,7.1259
23.482985,7.1217
23.490108,7.1219
23.497232,7.1230
23.504356,7.1224
23.511481,7.1242
23.518618,7.1347
23.525744,7.1252
23.532873,7.1268
23.540000,7.1253
23.547126,7.1253
23.554267,7.1393
23.561396,7.1272
23.568523,7.1255
23.575655,7.1305
23.582840,7.1832
23.590010,7.1687
23.597166,7.1538
23.604296,7.1272
23.611425,7.1277
23.618574,7.1479
23.625708,7.1323
23.632837,7.1275
23.639966,7.1281
23.647100,7.1320
23.654251,7.1498
23.661385,7.1322
23.668515,7.1274
23.675644,7.1282
23.682773,7.1264
23.690021,7.2467
23.697168,7.1444
23.704297,7.1269
23.711440,7.1418
23.718578,7.1357
23.725718,7.1383
23.732914,7.1949
23.740059,7.1416
23.747206,7.1456
23.754362,7.1554
23.761506,7.1419
23.768685,7.1767
23.775854,7.1659
23.782995,7.1345
23.790139,7.1417
23.797291,7.1495
23.804417,7.1232
23.811542,7.1246
23.818665,7.1221
23.825789,7.1226
23.832925,7.1347
23.840052,7.1266
23.847175,7.1218
23.854297,7.1217
23.861421,7.1227
23.868545,7.1225
23.875668,7.1225
23.882793,7.1238
23.889964,7.1688
23.897105,7.1385
23.904234,7.1281
23.911361,7.1252
23.918487,7.1248
23.925618,7.1296
23.932835,7.2143
23.940005,7.1684
23.947145,7.1383
23.954292,7.1451
23.961427,7.1331
23.968566,7.1377
23.975695,7.1279
23.982823,7.1269
23.990001,7.1759
23.997145,7.1417
24.004277,7.1307
24.011407,7.1282
24.018535,7.1271
24.025795,7.2582
24.032928,7.1308
24.040099,7.1693
24.047233,7.1324
24.054367,7.1330
24.061578,7.2088
24.068704,7.1218
24.075826,7.1217
24.082962,7.1345
24.090103,7.1403
24.097232,7.1267
24.104355,7.1218
24.111479,7.1218
24.118603,7.1235
24.125727,7.1230
24.132851,7.1218
24.139974,7.1219
24.147096,7.1217
24.154224,7.1271
24.161347,7.1219
24.168472,7.1240
24.175599,7.1253
24.182760,7.1597
24.189891,7.1293
24.197033,7.1397
24.204173,7.1384
24.211300,7.1249
24.218430,7.1289
24.225559,7.1277
24.232687,7.1259
24.239815,7.1263
24.246944,7.1273
24.254077,7.1314
24.261244,7.1645
24.268373,7.1280
24.275503,7.1274
24.282661,7.1571
24.289833,7.1698
24.297016,7.1810
24.304163,7.1453
24.311292,7.1272
24.318422,7.1280
24.325611,7.1877
24.332744,7.1313
24.339968,7.2216
24.347158,7.1873
24.354288,7.1272
24.361427,7.1376
24.368676,7.2480
24.375949,7.2695
24.383104,7.1359
24.390254,7.1479
24.397664,7.4073
24.404799,7.1260
24.411951,7.1500
24.419074,7.1219
24.426199,7.1236
24.433323,7.1220
24.440446,7.1225
24.447570,7.1225
24.454692,7.1219
24.461817,7.1234
24.468940,7.1218
24.476067,7.1264
24.483195,7.1263
24.490338,7.1410
24.497482,7.1423
24.504618,7.1336
24.511745,7.1255
24.518871,7.1250
24.526002,7.1289
24.533131,7.1273
24.540259,7.1260
24.547387,7.1263
24.554515,7.1271
24.561691,7.1740
24.568832,7.1397
24.575963,7.1297
24.583094,7.1293
24.590298,7.2017
24.597466,7.1666
24.604635,7.1665
24.611765,7.1289
24.618922,7.1553
24.626068,7.1441
24.633198,7.1281
24.640328,7.1288
24.647458,7.1284
24.654591,7.1309
24.661751,7.1576
24.668983,7.2305
24.676123,7.1383
24.683272,7.1482
24.690415,7.1407
24.697610,7.1940
24.704764,7.1517
24.711904,7.1375
24.719048,7.1427
24.726189,7.1390
24.733348,7.1571
24.740508,7.1584
24.747674,7.1632
24.754814,7.1387
24.761992,7.1758
24.769132,7.1389
24.776271,7.1369
24.783417,7.1449
24.790562,7.1427
24.797764,7.2005
24.804946,7.1801
24.812097,7.1489
24.819263,7.1641
24.826408,7.1426
24.833553,7.1443
24.840756,7.2011
24.847920,7.1610
24.855086,7.1636
24.862263,7.1753
24.869408,7.1434
24.876555,7.1448
24.883701,7.1446
24.890927,7.2238
24.898118,7.1888
24.905302,7.1821
24.912487,7.1818
24.919687,7.1982
24.926844,7.1549
24.933980,7.1343
24.941119,7.1372
24.948261,7.1398
24.955407,7.1445
24.962570,7.1618
24.969704,7.1318
24.976917,7.2127
24.984054,7.1300
24.991211,7.1562
24.998369,7.1545
25.005494,7.1233
25.012621,7.1254
25.019744,7.1219
25.026867,7.1221
25.033990,7.1217
25.041113,7.1226
25.048237,7.1224
25.055491,7.2535
25.062618,7.1263
25.069745,7.1224
25.076868,7.1224
25.083993,7.1234
25.091121,7.1271
25.098247,7.1245
25.105390,7.1411
25.112542,7.1502
25.119694,7.1502
25.126822,7.1263
25.133951,7.1271
25.141079,7.1265
25.148210,7.1290
25.155341,7.1296
25.162595,7.2525
25.169752,7.1550
25.176894,7.1406
25.184026,7.1301
25.191172,7.1449
25.198302,7.1279
25.205458,7.1552
25.212613,7.1529
25.219744,7.1285
25.226874,7.1285
25.234003,7.1274
25.241169,7.1637
25.248315,7.1437
25.255459,7.1428
25.262662,7.2008
25.269810,7.1465
25.276968,7.1565
25.284130,7.1583
25.291273,7.1411
25.298408,7.1338
25.305582,7.1722
25.312747,7.1626
25.319901,7.1524
25.327096,7.1933
25.334239,7.1408
25.341383,7.1424
25.348526,7.1414
25.355672,7.1432
25.362838,7.1652
25.369980,7.1398
25.377176,7.1945
25.384316,7.1355
25.391443,7.1246
25.398580,7.1360
25.405715,7.1300
25.412940,7.2204
25.420075,7.1274
25.427203,7.1260
25.434326,7.1217
25.441449,7.1218
25.448575,7.1250
25.455698,7.1221
25.462821,7.1224
25.469945,7.1219
25.477067,7.1217
25.484195,7.1273
25.491338,7.1404
25.498472,7.1330
25.505665,7.1907
25.512863,7.1968
25.520071,7.2058
25.527363,7.2907
25.534758,7.3927
25.542157,7.3979
25.549636,7.4764
25.556793,7.1560
25.563947,7.1516
25.571077,7.1289
25.578371,7.2919
25.585515,7.1399
25.592662,7.1451
25.599819,7.1548
25.606945,7.1241
25.614069,7.1218
25.621191,7.1220
25.628331,7.1388
25.635460,7.1241
25.644144,7.1531
25.651303,7.1428
25.658428,7.1233
25.665554,7.1250
25.672677,7.1222
25.679801,7.1225
25.686926,7.1244
25.694076,7.1485
25.701219,7.1416
25.708359,7.1368
25.715495,7.1341
25.722623,7.1261
25.729812,7.1878
25.736940,7.1255
25.744078,7.1367
25.751204,7.1252
25.758366,7.1598
25.765800,7.4317
25.772930,7.1288
25.780060,7.1280
25.787188,7.1260
25.794329,7.1402
25.801481,7.1503
25.808625,7.1379
25.815754,7.1260
25.822901,7.1452
25.830034,7.1315
25.837173,7.1365
25.844304,7.1295
25.851467,7.1618
25.858612,7.1435
25.865742,7.1282
25.872871,7.1271
25.879999,7.1268
25.887141,7.1401
25.894356,7.2136
25.901585,7.2263
25.908771,7.1846
25.915928,7.1548
25.923078,7.1475
25.930218,7.1380
25.937353,7.1337
25.944490,7.1365
25.951696,7.2043
25.958866,7.1683
25.966012,7.1443
25.973148,7.1335
25.980283,7.1332
25.987427,7.1427
25.994562,7.1332
26.001697,7.1332
26.008867,7.1678
26.016057,7.1881
26.023195,7.1355
26.030332,7.1357
26.037467,7.1340
26.044602,7.1325
26.051734,7.1306
26.059058,7.3230
26.066194,7.1342
26.073479,7.2831
26.080623,7.1426
26.087758,7.1329
26.094931,7.1717
26.102131,7.1977
26.109323,7.1720
26.116462,7.1368
26.123610,7.1459
26.130759,7.1470
26.137915,7.1545
26.145173,7.2559
26.152346,7.1715
26.159539,7.1915
26.166679,7.1382
26.173903,7.2216
26.181045,7.1404
26.188176,7.1254
26.195319,7.1423
26.202686,7.3624
26.209813,7.1245
26.216937,7.1217
26.224061,7.1226
26.231185,7.1230
26.238308,7.1222
26.245431,7.1222
26.252555,7.1228
26.259678,7.1224
26.266829,7.1499
26.273954,7.1224
26.281077,7.1221
26.288204,7.1261
26.295335,7.1291
26.302504,7.1670
26.309692,7.1860
26.316919,7.2251
26.324183,7.2622
26.331701,7.5158
26.338834,7.1309
26.345964,7.1284
26.353092,7.1257
26.360219,7.1254
26.367347,7.1270
26.374474,7.1253
26.381602,7.1259
26.388730,7.1268
26.395889,7.1579
26.403036,7.1402
26.410167,7.1268
26.417294,7.1255
26.424421,7.1255
26.431551,7.1281
26.438678,7.1256
26.445812,7.1322
26.452944,7.1309
26.460123,7.1771
26.467338,7.2133
26.474584,7.2431
26.481825,7.2395
26.489213,7.3865
26.496738,7.5230
26.504168,7.4280
26.511542,7.3712
26.518700,7.1551
26.525853,7.1516
26.533003,7.1476
26.540141,7.1347
26.547267,7.1250
26.554394,7.1258
26.561523,7.1276
26.568652,7.1249
26.575779,7.1252
26.582905,7.1247
26.590031,7.1246
26.597158,7.1259
26.604286,7.1269
26.611413,7.1255
26.618547,7.1319
26.625731,7.1824
26.632924,7.1874
26.640097,7.1716
26.647369,7.2702
26.654610,7.2393
26.661946,7.3338
26.669076,7.1282
26.676204,7.1266
26.683331,7.1256
26.690460,7.1266
26.697622,7.1605
26.704770,7.1409
26.711904,7.1312
26.719031,7.1249
26.726158,7.1251
26.733285,7.1260
26.740411,7.1244
26.747538,7.1259
26.754665,7.1249
26.761793,7.1269
26.768919,7.1249
26.776087,7.1662
26.783336,7.2426
26.790497,7.1525
26.797715,7.2142
26.804895,7.1771
26.812078,7.1805
26.819256,7.1752
26.826480,7.2220
26.833838,7.3563
26.841190,7.3509
26.848661,7.4671
26.856017,7.3536
26.863254,7.2353
26.870399,7.1437
26.877549,7.1479
26.884678,7.1277
26.891810,7.1296
26.898938,7.1264
26.906070,7.1301
26.913201,7.1287
26.920327,7.1245
26.927454,7.1247
26.934581,7.1263
26.941707,7.1243
26.948834,7.1255
26.955960,7.1246
26.963087,7.1254
26.970235,7.1473
26.977375,7.1378
26.984511,7.1344
26.991694,7.1808
26.998904,7.2080
27.006179,7.2740
27.013609,7.4282
27.020970,7.3578
27.028541,7.5697
27.035700,7.1516
27.042830,7.1280
27.049958,7.1262
27.057086,7.1256
27.064244,7.1572
27.071374,7.1254
27.078501,7.1249
27.085628,7.1258
27.092757,7.1276
27.100022,7.2632
27.107152,7.1279
27.114281,7.1268
27.121406,7.1239
27.128543,7.1349
27.135670,7.1252
27.142797,7.1253
27.149933,7.1350
27.157071,7.1363
27.164288,7.2143
27.171469,7.1796
27.178666,7.1954
27.185974,7.3056
27.193277,7.3021
27.200601,7.3223
27.208141,7.5376
27.215293,7.1494
27.222421,7.1266
27.229577,7.1545
27.236705,7.1256
27.243832,7.1263
27.250961,7.1247
27.258100,7.1380
27.265255,7.1523
27.272383,7.1238
27.279515,7.1309
27.286642,7.1256
27.293798,7.1549
27.300924,7.1243
27.308051,7.1254
27.315180,7.1268
27.322310,7.1285
27.329465,7.1528
27.336608,7.1413
27.343769,7.1584
27.350956,7.1860
27.358223,7.2645
27.365773,7.5483
27.373196,7.4212
27.380651,7.4528
27.388039,7.3809
27.395484,7.4421
27.403073,7.5851
27.410521,7.4450
27.417700,7.1766
27.424840,7.1381
27.431968,7.1257
27.439099,7.1295
27.446227,7.1260
27.453353,7.1252
27.460480,7.1249
27.467610,7.1283
27.474740,7.1287
27.481879,7.1357
27.489005,7.1243
27.496131,7.1251
27.503259,7.1259
27.510387,7.1264
27.517516,7.1262
27.524645,7.1270
27.531780,7.1334
27.538926,7.1443
27.546090,7.1622
27.553273,7.1810
27.560511,7.2368
27.567795,7.2824
27.575053,7.2556
27.582365,7.3098
27.589905,7.5379
27.597285,7.3791
27.604417,7.1305
27.611560,7.1409
27.618724,7.1607
27.625855,7.1293
27.632982,7.1255
27.640112,7.1277
27.647238,7.1246
27.654364,7.1251
27.661491,7.1250
27.668620,7.1276
27.675753,7.1308
27.682880,7.1251
27.690006,7.1249
27.697131,7.1235
27.704260,7.1277
27.711396,7.1340
27.718536,7.1385
27.725675,7.1373
27.732890,7.2136
27.740190,7.2975
27.747448,7.2567
27.754740,7.2899
27.762185,7.4435
27.769576,7.3898
27.776888,7.3091
27.784020,7.1310
27.791148,7.1263
27.798276,7.1263
27.805404,7.1268
27.812535,7.1289
27.819664,7.1268
27.826790,7.1240
27.833917,7.1259
27.841053,7.1243
27.848180,7.1256
27.855306,7.1251
27.862441,7.1333
27.869578,7.1341
27.876706,7.1268
27.883834,7.1258
27.890970,7.1346
27.898137,7.1652
27.905283,7.1443
27.912473,7.1880
27.919775,7.2994
27.927015,7.2377
27.934343,7.3259
27.941642,7.2978
27.948970,7.3264
27.956399,7.4274
27.963802,7.4005
27.970935,7.1313
27.978126,7.1900
27.985376,7.2447
27.992535,7.1533
27.999710,7.1714
28.007042,7.3290
28.014173,7.1296
28.021300,7.1255
28.028425,7.1231
28.035557,7.1305
28.042683,7.1245
28.049809,7.1245
28.056935,7.1248
28.064072,7.1349
28.071202,7.1260
28.078331,7.1277
28.085469,7.1357
28.092616,7.1457
28.099802,7.1845
28.107098,7.2937
28.114403,7.3023
28.122008,7.6028
28.129506,7.4950
28.136791,7.2828
28.144083,7.2904
28.151671,7.5861
28.159286,7.6129
28.166444,7.1563
28.173574,7.1294
28.180702,7.1259
28.187828,7.1248
28.194963,7.1333
28.202090,7.1257
28.209217,7.1247
28.216343,7.1250
28.223471,7.1261
28.230601,7.1279
28.237727,7.1245
28.244852,7.1237
28.252002,7.1480
28.259136,7.1320
28.266269,7.1309
28.273397,7.1260
28.280531,7.1321
28.287681,7.1482
28.294820,7.1373
28.302010,7.1884
28.309205,7.1938
28.316540,7.3335
28.323955,7.4127
28.331335,7.3776
28.338845,7.5073
28.346051,7.2028
28.353214,7.1607
28.360353,7.1368
28.367480,7.1257
28.374610,7.1285
28.381756,7.1439
28.388883,7.1250
28.396011,7.1266
28.403139,7.1253
28.410267,7.1272
28.417394,7.1255
28.424521,7.1253
28.431650,7.1271
28.438779,7.1259
28.445928,7.1473
28.453056,7.1268
28.460193,7.1356
28.467356,7.1611
28.474677,7.3187
28.481860,7.1797
28.489139,7.2778
28.496445,7.3034
28.503763,7.3166
28.511181,7.4159
28.518617,7.4342
28.525824,7.2047
28.532955,7.1291
28.540086,7.1292
28.547214,7.1260
28.554341,7.1254
28.561469,7.1268
28.568597,7.1265
28.575725,7.1268
28.582881,7.1545
28.590038,7.1515
28.597183,7.1422
28.604546,7.3602
28.611683,7.1340
28.618813,7.1293
28.625943,7.1272
28.633075,7.1295
28.640286,7.2081
28.647502,7.2133
28.654660,7.1558
28.662037,7.3750
28.669293,7.2539
28.676598,7.3034
28.683875,7.2749
28.691274,7.3973
28.698741,7.4652
28.705871,7.1282
28.713001,7.1279
28.720136,7.1339
28.727267,7.1285
28.734401,7.1325
28.741531,7.1281
28.748657,7.1248
28.755783,7.1243
28.762908,7.1238
28.770037,7.1278
28.777165,7.1255
28.784290,7.1239
28.791418,7.1261
28.798554,7.1346
28.805680,7.1243
28.812808,7.1261
28.819977,7.1681
28.827119,7.1392
28.834255,7.1342
28.841471,7.2137
28.848793,7.3198
28.856243,7.4467
28.863681,7.4354
28.870966,7.2837
28.878620,7.6525
28.885776,7.1542
28.892955,7.1770
28.900085,7.1267
28.907214,7.1269
28.914342,7.1267
28.921471,7.1277
28.928611,7.1384
28.935739,7.1255
28.942868,7.1274
28.949994,7.1247
28.957130,7.1348
28.964256,7.1241
28.971382,7.1249
28.978509,7.1252
28.985637,7.1261
28.992769,7.1308
28.999901,7.1307
29.007041,7.1384
29.014186,7.1431
29.021381,7.1926
29.028646,7.2634
29.035933,7.2847
29.043212,7.2777
29.050508,7.2941
29.057880,7.3703
29.065316,7.4336
29.072448,7.1290
29.079579,7.1291
29.086712,7.1312
29.093844,7.1306
29.100974,7.1279
29.108103,7.1272
29.115230,7.1255
29.122360,7.1278
29.129489,7.1258
29.136619,7.1286
29.143746,7.1253
29.151005,7.2570
29.158134,7.1271
29.165259,7.1242
29.172387,7.1262
29.179583,7.1940
29.186855,7.2668
29.194033,7.1699
29.201226,7.1908
29.208460,7.2309
29.215705,7.2418
29.222984,7.2775
29.230300,7.3133
29.237596,7.2932
29.244978,7.3794
29.252226,7.2436
29.259356,7.1286
29.266495,7.1371
29.273652,7.1552
29.280783,7.1273
29.287911,7.1259
29.295037,7.1247
29.302163,7.1248
29.309292,7.1270
29.316418,7.1244
29.323546,7.1269
29.330675,7.1270
29.337817,7.1393
29.345019,7.1959
29.352244,7.2181
29.359378,7.1285
29.366510,7.1305
29.373644,7.1326
29.380799,7.1526
29.388056,7.2552
29.395338,7.2801
29.402566,7.2263
29.409847,7.2791
29.417135,7.2858
29.424591,7.4549
29.431828,7.2342
29.438959,7.1290
29.446087,7.1265
29.453216,7.1279
29.460343,7.1252
29.467487,7.1416
29.474615,7.1263
29.481742,7.1257
29.488872,7.1286
29.495999,7.1254
29.503126,7.1252
29.510252,7.1246
29.517380,7.1272
29.524508,7.1264
29.531643,7.1330
29.538771,7.1259
29.545901,7.1288
29.553039,7.1360
29.560193,7.1527
29.567383,7.1881
29.574601,7.1849
29.582070,7.4668
29.589490,7.4181
29.596872,7.3803
29.604213,7.3385
29.611641,7.4268
29.618778,7.1348
29.625936,7.1568
29.633074,7.1364
29.640202,7.1259
29.647330,7.1265
29.654459,7.1270
29.661593,7.1321
29.668723,7.1288
29.675850,7.1257
29.682979,7.1270
29.690105,7.1246
29.697233,7.1262
29.704359,7.1247
29.711486,7.1248
29.718614,7.1273
29.725753,7.1374
29.732924,7.1684
29.740109,7.1830
29.747297,7.1861
29.754516,7.2173
29.761831,7.3124
29.769188,7.3551
29.776550,7.3608
29.783928,7.3757
29.791244,7.3138
29.798418,7.1715
29.805585,7.1647
29.812764,7.1766
29.819921,7.1547
29.827064,7.1406
29.834198,7.1323
29.841326,7.1260
29.848456,7.1282
29.855605,7.1473
29.862733,7.1267
29.869860,7.1254
29.876989,7.1277
29.884115,7.1243
29.891241,7.1250
29.898369,7.1270
29.905501,7.1308
29.912654,7.1507
29.919805,7.1496
29.927037,7.2304
29.934354,7.3148
29.941695,7.3392
29.949194,7.4968
29.956651,7.4548
29.963970,7.3172
29.971104,7.1328
29.978238,7.1327
29.985367,7.1267
29.992524,7.1561
29.999659,7.1310
30.006789,7.1274
